image,label
150603.jpg,975
128933.jpg,975
117103.jpg,975
125367.jpg,975
037113.jpg,975
022986.jpg,975
144023.jpg,975
045233.jpg,975
103570.jpg,975
074610.jpg,975
054024.jpg,975
152306.jpg,975
012914.jpg,975
083409.jpg,975
000344.jpg,975
080402.jpg,975
158640.jpg,975
157752.jpg,975
054383.jpg,975
070725.jpg,975
059527.jpg,975
039635.jpg,975
167240.jpg,1201
180424.jpg,1201
179870.jpg,1201
168363.jpg,1201
165662.jpg,1201
180727.jpg,1201
169259.jpg,1201
178158.jpg,1201
173172.jpg,1201
170183.jpg,1201
181340.jpg,1201
165199.jpg,1201
162775.jpg,1201
182499.jpg,1201
181990.jpg,1201
172313.jpg,1201
171577.jpg,1201
172948.jpg,1201
172871.jpg,1201
169155.jpg,1201
181415.jpg,1321
167022.jpg,1321
181272.jpg,1321
180784.jpg,1321
181057.jpg,1321
168974.jpg,1321
165916.jpg,1321
181386.jpg,1321
169111.jpg,1321
175412.jpg,1321
172868.jpg,1321
170791.jpg,1321
181644.jpg,1321
165455.jpg,1321
175109.jpg,1321
165365.jpg,1321
175024.jpg,1321
182474.jpg,1321
181738.jpg,1321
171804.jpg,1321
171006.jpg,1321
172588.jpg,1321
171898.jpg,1321
169083.jpg,1321
178832.jpg,1927
163880.jpg,1927
175727.jpg,1927
164011.jpg,1927
163762.jpg,1927
164412.jpg,1927
171935.jpg,1927
167743.jpg,1927
164813.jpg,1927
180365.jpg,1927
163743.jpg,1927
162934.jpg,1927
170710.jpg,1927
182299.jpg,1927
181883.jpg,1927
165451.jpg,1927
166716.jpg,1927
166460.jpg,1927
164147.jpg,1927
147461.jpg,1951
122263.jpg,1951
130667.jpg,1951
024293.jpg,1951
022587.jpg,1951
144592.jpg,1951
027666.jpg,1951
089212.jpg,1951
063361.jpg,1951
034204.jpg,1951
148508.jpg,1951
012309.jpg,1951
079770.jpg,1951
002606.jpg,1951
159214.jpg,1951
148972.jpg,1951
038668.jpg,1951
035914.jpg,1951
059787.jpg,1951
048651.jpg,1951
025749.jpg,1951
115830.jpg,2095
022606.jpg,2095
108489.jpg,2095
106530.jpg,2095
108148.jpg,2095
024275.jpg,2095
111979.jpg,2095
034023.jpg,2095
098165.jpg,2095
061402.jpg,2095
134182.jpg,2095
010030.jpg,2095
005792.jpg,2095
066085.jpg,2095
152650.jpg,2095
136118.jpg,2095
052855.jpg,2095
051146.jpg,2095
059469.jpg,2095
053366.jpg,2095
027482.jpg,2095
149406.jpg,2335
116496.jpg,2335
122422.jpg,2335
044547.jpg,2335
013329.jpg,2335
146610.jpg,2335
099368.jpg,2335
081161.jpg,2335
062578.jpg,2335
154374.jpg,2335
011826.jpg,2335
002624.jpg,2335
092688.jpg,2335
160936.jpg,2335
154958.jpg,2335
067674.jpg,2335
064051.jpg,2335
078128.jpg,2335
076619.jpg,2335
052712.jpg,2335
149558.jpg,2960
017393.jpg,2960
147357.jpg,2960
136022.jpg,2960
140215.jpg,2960
017417.jpg,2960
011670.jpg,2960
148431.jpg,2960
030560.jpg,2960
070198.jpg,2960
031274.jpg,2960
150653.jpg,2960
009043.jpg,2960
111790.jpg,2960
003945.jpg,2960
101940.jpg,2960
156849.jpg,2960
041594.jpg,2960
037771.jpg,2960
057181.jpg,2960
028834.jpg,2960
131677.jpg,3052
014564.jpg,3052
119912.jpg,3052
111993.jpg,3052
114720.jpg,3052
128618.jpg,3052
027778.jpg,3052
098134.jpg,3052
070560.jpg,3052
038436.jpg,3052
133949.jpg,3052
004527.jpg,3052
087846.jpg,3052
002674.jpg,3052
077150.jpg,3052
155113.jpg,3052
048344.jpg,3052
042632.jpg,3052
060794.jpg,3052
019131.jpg,3052
181602.jpg,3117
168138.jpg,3117
181400.jpg,3117
179722.jpg,3117
180240.jpg,3117
168445.jpg,3117
165709.jpg,3117
181538.jpg,3117
168880.jpg,3117
177044.jpg,3117
174367.jpg,3117
169293.jpg,3117
181751.jpg,3117
165421.jpg,3117
175397.jpg,3117
164257.jpg,3117
175154.jpg,3117
182503.jpg,3117
182501.jpg,3117
173036.jpg,3117
169751.jpg,3117
173982.jpg,3117
173966.jpg,3117
168865.jpg,3117
144579.jpg,3167
034764.jpg,3167
139458.jpg,3167
130502.jpg,3167
132778.jpg,3167
041346.jpg,3167
007188.jpg,3167
143449.jpg,3167
061150.jpg,3167
101606.jpg,3167
063092.jpg,3167
154164.jpg,3167
003732.jpg,3167
116276.jpg,3167
002334.jpg,3167
112976.jpg,3167
162713.jpg,3167
157055.jpg,3167
083216.jpg,3167
081425.jpg,3167
097693.jpg,3167
051234.jpg,3167
133160.jpg,3398
027792.jpg,3398
128692.jpg,3398
124686.jpg,3398
127661.jpg,3398
033007.jpg,3398
017951.jpg,3398
129317.jpg,3398
033605.jpg,3398
101407.jpg,3398
045641.jpg,3398
146143.jpg,3398
010962.jpg,3398
097965.jpg,3398
008463.jpg,3398
097794.jpg,3398
153037.jpg,3398
147317.jpg,3398
064709.jpg,3398
052862.jpg,3398
076290.jpg,3398
076285.jpg,3398
033332.jpg,3398
017151.jpg,4070
145320.jpg,4070
120170.jpg,4070
125231.jpg,4070
018530.jpg,4070
012866.jpg,4070
145535.jpg,4070
035218.jpg,4070
111044.jpg,4070
077909.jpg,4070
041662.jpg,4070
149736.jpg,4070
006275.jpg,4070
103084.jpg,4070
005739.jpg,4070
100047.jpg,4070
158484.jpg,4070
150436.jpg,4070
052934.jpg,4070
064428.jpg,4070
061429.jpg,4070
026349.jpg,4070
178698.jpg,4139
164511.jpg,4139
178415.jpg,4139
178077.jpg,4139
178215.jpg,4139
164627.jpg,4139
178473.jpg,4139
165814.jpg,4139
173592.jpg,4139
170695.jpg,4139
166015.jpg,4139
180512.jpg,4139
164140.jpg,4139
164087.jpg,4139
171769.jpg,4139
181280.jpg,4139
180785.jpg,4139
167943.jpg,4139
167278.jpg,4139
169572.jpg,4139
164985.jpg,4139
132580.jpg,4220
020402.jpg,4220
131302.jpg,4220
123330.jpg,4220
128865.jpg,4220
025262.jpg,4220
018610.jpg,4220
132509.jpg,4220
029152.jpg,4220
101957.jpg,4220
068179.jpg,4220
039933.jpg,4220
140930.jpg,4220
018331.jpg,4220
095920.jpg,4220
007171.jpg,4220
082194.jpg,4220
156193.jpg,4220
155738.jpg,4220
049561.jpg,4220
047354.jpg,4220
066556.jpg,4220
061319.jpg,4220
028057.jpg,4220
129644.jpg,4478
013027.jpg,4478
119602.jpg,4478
102126.jpg,4478
117381.jpg,4478
011485.jpg,4478
129150.jpg,4478
021684.jpg,4478
069333.jpg,4478
057282.jpg,4478
025888.jpg,4478
139594.jpg,4478
062156.jpg,4478
004075.jpg,4478
058729.jpg,4478
159408.jpg,4478
158467.jpg,4478
033114.jpg,4478
050907.jpg,4478
021579.jpg,4478
007156.jpg,4527
141245.jpg,4527
140388.jpg,4527
008592.jpg,4527
006019.jpg,4527
144024.jpg,4527
009773.jpg,4527
103424.jpg,4527
041696.jpg,4527
022728.jpg,4527
155093.jpg,4527
003238.jpg,4527
063001.jpg,4527
003133.jpg,4527
056086.jpg,4527
157381.jpg,4527
156842.jpg,4527
031755.jpg,4527
029147.jpg,4527
038568.jpg,4527
035448.jpg,4527
009163.jpg,4527
179047.jpg,4537
165316.jpg,4537
178779.jpg,4537
177983.jpg,4537
178614.jpg,4537
165653.jpg,4537
166574.jpg,4537
172080.jpg,4537
168687.jpg,4537
164522.jpg,4537
169754.jpg,4537
162814.jpg,4537
169561.jpg,4537
182079.jpg,4537
181181.jpg,4537
167579.jpg,4537
166870.jpg,4537
168042.jpg,4537
167787.jpg,4537
165918.jpg,4537
153435.jpg,4582
014662.jpg,4582
147991.jpg,4582
116421.jpg,4582
125752.jpg,4582
018690.jpg,4582
007775.jpg,4582
152399.jpg,4582
036926.jpg,4582
099451.jpg,4582
087698.jpg,4582
158385.jpg,4582
007471.jpg,4582
089756.jpg,4582
002378.jpg,4582
088756.jpg,4582
160946.jpg,4582
160590.jpg,4582
071557.jpg,4582
066549.jpg,4582
086207.jpg,4582
085538.jpg,4582
035291.jpg,4582
135438.jpg,4598
025853.jpg,4598
121400.jpg,4598
023625.jpg,4598
132871.jpg,4598
115114.jpg,4598
084419.jpg,4598
059581.jpg,4598
144788.jpg,4598
021010.jpg,4598
106380.jpg,4598
004480.jpg,4598
105146.jpg,4598
146799.jpg,4598
062546.jpg,4598
060905.jpg,4598
075364.jpg,4598
069339.jpg,4598
154641.jpg,4860
023437.jpg,4860
127444.jpg,4860
114157.jpg,4860
119401.jpg,4860
028890.jpg,4860
022987.jpg,4860
139592.jpg,4860
035794.jpg,4860
103966.jpg,4860
064637.jpg,4860
043378.jpg,4860
161123.jpg,4860
007205.jpg,4860
089088.jpg,4860
006763.jpg,4860
085875.jpg,4860
162375.jpg,4860
061754.jpg,4860
050002.jpg,4860
064173.jpg,4860
063520.jpg,4860
035363.jpg,4860
141835.jpg,5199
013910.jpg,5199
125159.jpg,5199
110705.jpg,5199
120215.jpg,5199
012420.jpg,5199
030102.jpg,5199
093577.jpg,5199
051982.jpg,5199
033909.jpg,5199
153832.jpg,5199
008599.jpg,5199
089344.jpg,5199
005706.jpg,5199
086295.jpg,5199
154329.jpg,5199
154313.jpg,5199
035587.jpg,5199
034905.jpg,5199
051503.jpg,5199
050481.jpg,5199
027127.jpg,5199
130637.jpg,5222
030922.jpg,5222
128084.jpg,5222
115343.jpg,5222
124236.jpg,5222
031346.jpg,5222
021924.jpg,5222
128246.jpg,5222
035592.jpg,5222
095745.jpg,5222
050806.jpg,5222
035764.jpg,5222
151463.jpg,5222
019891.jpg,5222
059557.jpg,5222
009009.jpg,5222
054888.jpg,5222
154348.jpg,5222
152244.jpg,5222
046434.jpg,5222
039692.jpg,5222
049632.jpg,5222
046657.jpg,5222
200909.jpg,5253
189257.jpg,5253
198960.jpg,5253
198337.jpg,5253
198407.jpg,5253
189518.jpg,5253
186966.jpg,5253
199486.jpg,5253
190397.jpg,5253
196359.jpg,5253
193458.jpg,5253
190403.jpg,5253
201154.jpg,5253
184634.jpg,5253
194553.jpg,5253
202268.jpg,5253
201824.jpg,5253
190627.jpg,5253
190421.jpg,5253
193250.jpg,5253
192165.jpg,5253
189883.jpg,5253
146349.jpg,5329
018842.jpg,5329
141552.jpg,5329
140528.jpg,5329
141520.jpg,5329
022170.jpg,5329
018055.jpg,5329
145280.jpg,5329
025645.jpg,5329
108509.jpg,5329
093539.jpg,5329
033015.jpg,5329
148414.jpg,5329
006906.jpg,5329
106645.jpg,5329
000431.jpg,5329
098839.jpg,5329
157131.jpg,5329
152719.jpg,5329
055754.jpg,5329
041568.jpg,5329
085321.jpg,5329
023880.jpg,5329
199148.jpg,5876
184660.jpg,5876
197280.jpg,5876
196306.jpg,5876
196622.jpg,5876
184807.jpg,5876
184054.jpg,5876
197396.jpg,5876
186629.jpg,5876
195364.jpg,5876
190182.jpg,5876
187012.jpg,5876
200041.jpg,5876
183783.jpg,5876
193812.jpg,5876
183417.jpg,5876
192522.jpg,5876
202486.jpg,5876
200884.jpg,5876
187481.jpg,5876
187210.jpg,5876
189603.jpg,5876
188597.jpg,5876
185982.jpg,5876
149069.jpg,5986
127524.jpg,5986
119683.jpg,5986
123194.jpg,5986
029096.jpg,5986
137886.jpg,5986
053388.jpg,5986
103633.jpg,5986
079838.jpg,5986
054225.jpg,5986
152219.jpg,5986
011371.jpg,5986
091644.jpg,5986
089600.jpg,5986
158748.jpg,5986
153360.jpg,5986
059379.jpg,5986
057042.jpg,5986
079534.jpg,5986
067462.jpg,5986
047198.jpg,5986
140131.jpg,6292
037285.jpg,6292
128679.jpg,6292
117362.jpg,6292
126232.jpg,6292
038431.jpg,6292
008847.jpg,6292
135322.jpg,6292
108296.jpg,6292
081122.jpg,6292
144376.jpg,6292
002866.jpg,6292
101014.jpg,6292
001465.jpg,6292
092097.jpg,6292
149669.jpg,6292
147725.jpg,6292
057178.jpg,6292
056884.jpg,6292
065431.jpg,6292
063133.jpg,6292
040058.jpg,6292
200439.jpg,6920
184894.jpg,6920
198241.jpg,6920
197342.jpg,6920
197807.jpg,6920
185192.jpg,6920
184515.jpg,6920
199926.jpg,6920
185665.jpg,6920
193775.jpg,6920
188693.jpg,6920
185860.jpg,6920
200742.jpg,6920
184509.jpg,6920
191104.jpg,6920
189441.jpg,6920
202226.jpg,6920
201641.jpg,6920
186956.jpg,6920
186091.jpg,6920
188560.jpg,6920
187780.jpg,6920
185221.jpg,6920
156928.jpg,7114
050266.jpg,7114
150792.jpg,7114
148326.jpg,7114
150545.jpg,7114
056772.jpg,7114
020780.jpg,7114
067340.jpg,7114
116202.jpg,7114
098995.jpg,7114
157715.jpg,7114
007228.jpg,7114
107393.jpg,7114
006547.jpg,7114
102339.jpg,7114
158280.jpg,7114
075688.jpg,7114
071928.jpg,7114
097418.jpg,7114
086113.jpg,7114
058365.jpg,7114
199922.jpg,7438
184360.jpg,7438
197801.jpg,7438
197064.jpg,7438
197736.jpg,7438
185865.jpg,7438
184009.jpg,7438
186734.jpg,7438
194305.jpg,7438
192205.jpg,7438
188095.jpg,7438
199925.jpg,7438
183963.jpg,7438
193724.jpg,7438
183696.jpg,7438
192966.jpg,7438
202534.jpg,7438
201328.jpg,7438
190364.jpg,7438
189798.jpg,7438
191870.jpg,7438
191356.jpg,7438
186191.jpg,7438
185722.jpg,7439
197585.jpg,7439
186189.jpg,7439
184797.jpg,7439
197887.jpg,7439
187352.jpg,7439
195744.jpg,7439
191175.jpg,7439
183904.jpg,7439
191678.jpg,7439
183859.jpg,7439
191608.jpg,7439
200654.jpg,7439
188552.jpg,7439
188509.jpg,7439
189527.jpg,7439
186281.jpg,7439
197101.jpg,7760
183746.jpg,7760
195737.jpg,7760
195255.jpg,7760
184378.jpg,7760
183694.jpg,7760
195935.jpg,7760
185605.jpg,7760
193641.jpg,7760
188926.jpg,7760
186771.jpg,7760
197110.jpg,7760
183182.jpg,7760
191679.jpg,7760
182638.jpg,7760
189864.jpg,7760
202024.jpg,7760
198620.jpg,7760
188733.jpg,7760
188596.jpg,7760
146893.jpg,8045
024456.jpg,8045
144728.jpg,8045
130204.jpg,8045
141677.jpg,8045
031242.jpg,8045
009094.jpg,8045
146725.jpg,8045
032395.jpg,8045
097599.jpg,8045
079187.jpg,8045
152121.jpg,8045
009050.jpg,8045
005244.jpg,8045
085002.jpg,8045
161014.jpg,8045
156484.jpg,8045
051644.jpg,8045
078876.jpg,8045
072613.jpg,8045
031540.jpg,8045
140082.jpg,8151
020429.jpg,8151
128781.jpg,8151
107303.jpg,8151
119371.jpg,8151
022326.jpg,8151
139379.jpg,8151
027724.jpg,8151
068885.jpg,8151
049164.jpg,8151
028395.jpg,8151
153867.jpg,8151
016606.jpg,8151
059773.jpg,8151
005704.jpg,8151
056661.jpg,8151
159228.jpg,8151
155875.jpg,8151
038586.jpg,8151
029021.jpg,8151
048094.jpg,8151
047300.jpg,8151
023074.jpg,8151
199657.jpg,8241
184322.jpg,8241
197493.jpg,8241
197325.jpg,8241
197440.jpg,8241
184160.jpg,8241
198122.jpg,8241
184785.jpg,8241
192818.jpg,8241
188841.jpg,8241
185739.jpg,8241
200402.jpg,8241
183741.jpg,8241
192115.jpg,8241
191154.jpg,8241
201435.jpg,8241
200718.jpg,8241
187132.jpg,8241
188051.jpg,8241
184687.jpg,8241
138122.jpg,8374
007351.jpg,8374
111554.jpg,8374
099303.jpg,8374
103737.jpg,8374
011790.jpg,8374
118943.jpg,8374
038620.jpg,8374
077135.jpg,8374
061943.jpg,8374
041209.jpg,8374
001643.jpg,8374
001390.jpg,8374
071198.jpg,8374
158095.jpg,8374
149972.jpg,8374
058393.jpg,8374
042199.jpg,8374
059518.jpg,8374
059417.jpg,8374
018354.jpg,8374
200292.jpg,8480
187363.jpg,8480
199485.jpg,8480
197960.jpg,8480
198099.jpg,8480
187385.jpg,8480
184263.jpg,8480
189237.jpg,8480
193492.jpg,8480
192295.jpg,8480
189458.jpg,8480
201071.jpg,8480
184119.jpg,8480
192754.jpg,8480
183857.jpg,8480
192596.jpg,8480
201721.jpg,8480
201337.jpg,8480
190021.jpg,8480
189523.jpg,8480
191764.jpg,8480
191528.jpg,8480
187549.jpg,8480
149112.jpg,8506
036463.jpg,8506
142980.jpg,8506
137845.jpg,8506
140220.jpg,8506
037083.jpg,8506
147378.jpg,8506
043366.jpg,8506
122092.jpg,8506
082789.jpg,8506
055611.jpg,8506
155625.jpg,8506
033131.jpg,8506
014878.jpg,8506
089582.jpg,8506
155995.jpg,8506
068591.jpg,8506
062058.jpg,8506
080309.jpg,8506
079686.jpg,8506
042994.jpg,8506
150497.jpg,8518
047521.jpg,8518
144531.jpg,8518
138744.jpg,8518
142696.jpg,8518
048769.jpg,8518
145758.jpg,8518
133714.jpg,8518
096655.jpg,8518
157433.jpg,8518
028266.jpg,8518
115984.jpg,8518
010397.jpg,8518
099596.jpg,8518
162036.jpg,8518
159224.jpg,8518
076600.jpg,8518
093112.jpg,8518
086703.jpg,8518
145810.jpg,8712
014635.jpg,8712
136611.jpg,8712
128069.jpg,8712
133285.jpg,8712
013439.jpg,8712
137381.jpg,8712
017225.jpg,8712
107425.jpg,8712
072316.jpg,8712
032825.jpg,8712
149241.jpg,8712
011383.jpg,8712
091208.jpg,8712
006562.jpg,8712
078154.jpg,8712
157398.jpg,8712
151394.jpg,8712
053864.jpg,8712
033762.jpg,8712
070129.jpg,8712
057180.jpg,8712
015956.jpg,8712
200653.jpg,8822
186227.jpg,8822
196416.jpg,8822
196138.jpg,8822
196250.jpg,8822
186986.jpg,8822
185387.jpg,8822
196882.jpg,8822
187594.jpg,8822
194343.jpg,8822
192932.jpg,8822
188185.jpg,8822
201594.jpg,8822
193679.jpg,8822
183442.jpg,8822
193263.jpg,8822
202007.jpg,8822
201854.jpg,8822
190646.jpg,8822
190324.jpg,8822
192726.jpg,8822
192632.jpg,8822
187011.jpg,8822
144713.jpg,8962
030737.jpg,8962
140213.jpg,8962
135865.jpg,8962
138243.jpg,8962
048505.jpg,8962
016707.jpg,8962
140518.jpg,8962
057083.jpg,8962
122277.jpg,8962
103104.jpg,8962
074269.jpg,8962
151141.jpg,8962
011051.jpg,8962
115581.jpg,8962
005745.jpg,8962
108945.jpg,8962
153324.jpg,8962
153127.jpg,8962
082633.jpg,8962
080543.jpg,8962
090899.jpg,8962
087150.jpg,8962
054452.jpg,8962
142713.jpg,9031
033298.jpg,9031
140015.jpg,9031
136175.jpg,9031
138891.jpg,9031
140300.jpg,9031
045013.jpg,9031
106897.jpg,9031
080235.jpg,9031
049670.jpg,9031
145480.jpg,9031
018520.jpg,9031
101844.jpg,9031
003575.jpg,9031
089033.jpg,9031
149749.jpg,9031
148994.jpg,9031
063049.jpg,9031
056756.jpg,9031
070220.jpg,9031
044174.jpg,9031
123554.jpg,9176
015101.jpg,9176
118605.jpg,9176
111438.jpg,9176
111855.jpg,9176
019771.jpg,9176
014386.jpg,9176
119201.jpg,9176
034713.jpg,9176
086996.jpg,9176
062386.jpg,9176
037148.jpg,9176
132968.jpg,9176
002776.jpg,9176
066893.jpg,9176
001134.jpg,9176
065972.jpg,9176
148027.jpg,9176
143490.jpg,9176
040749.jpg,9176
038246.jpg,9176
054915.jpg,9176
050846.jpg,9176
022425.jpg,9176
140134.jpg,9297
018525.jpg,9297
137762.jpg,9297
134965.jpg,9297
022035.jpg,9297
005541.jpg,9297
140040.jpg,9297
033300.jpg,9297
094328.jpg,9297
059349.jpg,9297
040722.jpg,9297
002017.jpg,9297
078348.jpg,9297
001403.jpg,9297
074755.jpg,9297
155708.jpg,9297
154316.jpg,9297
047436.jpg,9297
044690.jpg,9297
059045.jpg,9297
053021.jpg,9297
150962.jpg,9533
010982.jpg,9533
146338.jpg,9533
127497.jpg,9533
145208.jpg,9533
010211.jpg,9533
148320.jpg,9533
035116.jpg,9533
109039.jpg,9533
080051.jpg,9533
038901.jpg,9533
009076.jpg,9533
104753.jpg,9533
006942.jpg,9533
103015.jpg,9533
158979.jpg,9533
157325.jpg,9533
062003.jpg,9533
057893.jpg,9533
077707.jpg,9533
074907.jpg,9533
019577.jpg,9533
142307.jpg,9698
033369.jpg,9698
135070.jpg,9698
119968.jpg,9698
129555.jpg,9698
036313.jpg,9698
025841.jpg,9698
137748.jpg,9698
054290.jpg,9698
104111.jpg,9698
088405.jpg,9698
056951.jpg,9698
149005.jpg,9698
020608.jpg,9698
095580.jpg,9698
009753.jpg,9698
093460.jpg,9698
154867.jpg,9698
069515.jpg,9698
060544.jpg,9698
085093.jpg,9698
075759.jpg,9698
048683.jpg,9698
200535.jpg,10062
184106.jpg,10062
199034.jpg,10062
197144.jpg,10062
185780.jpg,10062
184098.jpg,10062
199938.jpg,10062
187243.jpg,10062
192937.jpg,10062
191437.jpg,10062
201634.jpg,10062
183716.jpg,10062
183629.jpg,10062
192233.jpg,10062
202545.jpg,10062
202495.jpg,10062
188656.jpg,10062
187979.jpg,10062
190500.jpg,10062
190130.jpg,10062
185908.jpg,10062
126622.jpg,10093
024644.jpg,10093
121625.jpg,10093
115331.jpg,10093
118131.jpg,10093
026029.jpg,10093
007878.jpg,10093
122056.jpg,10093
033373.jpg,10093
102463.jpg,10093
078351.jpg,10093
035353.jpg,10093
148466.jpg,10093
002721.jpg,10093
096239.jpg,10093
001402.jpg,10093
088193.jpg,10093
150713.jpg,10093
149815.jpg,10093
050972.jpg,10093
046597.jpg,10093
076338.jpg,10093
056584.jpg,10093
027790.jpg,10093
